<?xml version="1.0" encoding="UTF-8" standalone="yes"?>
<!--
    Lurch Batch Installer Manifest File
    
-->
<installer>
    <!--
        Addons is a required container for a list of addon username and addon_id pairs.
        Each container requires both pairs.
    -->
    <addons>
		<addon>
            <addon_id>plugin.video.exodusredux</addon_id>
            <username>I-A-C</username>
        </addon>
		<addon>
            <addon_id>plugin.video.fen</addon_id>
            <username>tikipeter</username>
        </addon>
        <addon>
            <addon_id>plugin.video.venom</addon_id>
            <username>123Venom</username>
        </addon>
		<addon>
            <addon_id>plugin.video.scrubsv2</addon_id>
            <username>jewbmx</username>
        </addon>
		<addon>
            <addon_id>plugin.video.SportsDevil</addon_id>
            <username>jewbmx</username>
        </addon>
		<addon>
            <addon_id>script.ezclean</addon_id>
            <username>jewbmx</username>
        </addon>
		<addon>
            <addon_id>plugin.video.exodus</addon_id>
            <username>badjin</username>
        </addon>
				<addon>
            <addon_id>plugin.video.tempest</addon_id>
            <username>badjin</username>
        </addon>
		<addon>
            <addon_id>plugin.video.themagicdragon</addon_id>
            <username>badjin</username>
        </addon>
		<addon>
            <addon_id>plugin.video.yoda</addon_id>
            <username>badjin</username>
        </addon>
		<addon>
            <addon_id>plugin.video.youtube</addon_id>
            <username>badjin</username>
        </addon>
		<addon>
            <addon_id>plugin.video.thecrew</addon_id>
            <username>ObitoKodi</username>
        </addon>
		<addon>
            <addon_id>plugin.video.movietheaterbutter.auto</addon_id>
            <username>bobbybark</username>
        </addon>
		<addon>
            <addon_id>plugin.video.lazyman</addon_id>
            <username>StevensNJD4</username>
        </addon>
    </addons>
</installer>
