<?xml version="1.0" encoding="UTF-8" standalone="yes"?>
<!--
    Lurch Batch Installer Manifest File
    
-->
<installer>
    <!--
        Addons is a required container for a list of addon username and addon_id pairs.
        Each container requires both pairs.
    -->
    <addons>
        <addon>
            <addon_id>repository.thecrew-0.1.1</addon_id>
            <username>team-crew</username>
        </addon>
        <addon>
            <addon_id>repository.tempest-0.0.5</addon_id>
            <username>Tempest0580</username>
        </addon>
		<addon>
            <addon_id>plugin.video.fen</addon_id>
            <username>tikipeter</username>
        </addon>
        <addon>
            <addon_id>plugin.video.venom</addon_id>
            <username>123Venom</username>
        </addon>
    </addons>
</installer>
